,City Name,Latitude,Longitude,Country,UTC +/- (Hours),Max Temperature,Humidity,Cloudiness,Wind Speed
0,Tautira,-17.7333,-149.15,PF,-10.0,82.42,77,26,16.04
1,Butaritari,3.0707,172.7902,KI,12.0,84.16,70,9,20.83
2,Tezu,27.9167,96.1667,IN,5.5,94.77,53,40,4.21
3,Lüderitz,-26.6481,15.1594,NA,2.0,63.01,58,0,20.54
4,Teknāf,20.8624,92.3058,BD,6.0,86.9,70,80,19.69
5,Puerto Ayora,-0.7393,-90.3518,EC,-6.0,70.68,87,94,12.46
6,Albany,42.6001,-73.9662,US,-4.0,73.8,52,0,8.5
7,Wonthaggi,-38.6044,145.5913,AU,10.0,53.35,65,64,22.15
8,Mahébourg,-20.4081,57.7,MU,4.0,73.18,64,41,22.5
9,Cururupu,-1.8283,-44.8683,BR,-3.0,87.13,58,41,10.76
10,Kapaa,22.0752,-159.319,US,-10.0,80.11,63,33,18.12
11,Guerrero Negro,27.9769,-114.0611,MX,-6.0,78.94,59,97,15.55
12,Ziro,27.6333,93.8333,IN,5.5,70.07,76,67,3.24
13,Ixtapa,20.7,-105.2,MX,-5.0,87.22,75,94,4
14,Panama City,8.9936,-79.5197,PA,-5.0,84.2,79,100,7.14
15,Saskylakh,71.9167,114.0833,RU,9.0,60.84,76,98,16.35
16,Rikitea,-23.1203,-134.9692,PF,-9.0,74.88,73,100,11.54
17,Kutum,14.2,24.6667,SD,2.0,86.34,43,100,14.36
18,Visby,57.6409,18.296,SE,2.0,55.22,57,2,13.8
19,Coyhaique,-45.5752,-72.0662,CL,-4.0,48.92,78,90,7.2
20,Puerto Varas,-41.3195,-72.9854,CL,-4.0,49.66,92,100,10.51
21,San Miguel de Cozumel,20.5083,-86.9458,MX,-5.0,83.25,86,99,9.75
22,Ushuaia,-54.8,-68.3,AR,-3.0,44.42,80,98,5.88
23,Faanui,-16.4833,-151.75,PF,-10.0,79.16,75,11,16.82
24,Katangli,51.7102,143.2326,RU,11.0,66,67,11,10.45
25,Arraial do Cabo,-22.9661,-42.0278,BR,-3.0,74.55,76,0,22.17
26,Dunedin,-45.8742,170.5036,NZ,12.0,55.8,75,100,12.39
27,Upernavik,72.7868,-56.1549,GL,-2.0,36.54,99,100,14.67
28,Ishigaki,24.3448,124.1572,JP,9.0,84.99,77,60,15.73
29,Quatre Cocos,-20.2078,57.7625,MU,4.0,73.42,63,36,21.97
30,Bredasdorp,-34.5322,20.0403,ZA,2.0,63.21,56,100,6.13
31,Saint-Pierre,-21.3393,55.4781,RE,4.0,75.4,58,3,16.53
32,Turaif,31.6725,38.6637,SA,3.0,96.3,11,0,16.62
33,Hays,30.0502,-98.0336,US,-5.0,94.53,46,22,14.29
34,Mataura,-46.1927,168.8643,NZ,12.0,59.04,76,100,10.74
35,Cape Town,-33.9258,18.4232,ZA,2.0,59.72,69,100,19.04
36,Abbeville,50.1,1.8333,FR,2.0,78.57,68,66,7.61
37,Macheng,31.1783,115.0319,CN,8.0,84.29,74,89,10.78
38,Carnarvon,-24.8667,113.6333,AU,8.0,79,24,0,24.38
39,Bluff,-46.6,168.3333,NZ,12.0,54.55,93,100,19.24
40,Baia Mare,47.6533,23.5795,RO,3.0,70.59,51,37,6.24
41,Beipiao,41.7919,120.7792,CN,8.0,76.71,66,94,12.88
42,Tasiilaq,65.6145,-37.6368,GL,-2.0,48.36,83,96,8.68
43,Nikolskoye,59.7035,30.7861,RU,3.0,51.17,69,85,11.72
44,Ekibastuz,51.6667,75.3667,KZ,6.0,90.97,19,1,16.46
45,Punta Arenas,-53.15,-70.9167,CL,-3.0,47.68,69,99,14.07
46,Asău,46.4333,26.4,RO,3.0,71.33,43,5,5.3
47,Busselton,-33.65,115.3333,AU,8.0,61.09,63,31,8.3
48,Hermanus,-34.4187,19.2345,ZA,2.0,61.65,59,97,21.83
49,Deputatsky,69.3,139.9,RU,10.0,38.77,65,100,25.48
50,Atambua,-9.1061,124.8925,ID,8.0,87.12,48,75,6.42
51,Yellowknife,62.456,-114.3525,CA,-6.0,65.71,70,76,19.37
52,Tiksi,71.6872,128.8694,RU,9.0,50.56,62,100,31.5
53,Port Alfred,-33.5906,26.891,ZA,2.0,67.84,71,29,20.49
54,Charters Towers,-20.1,146.2667,AU,10.0,83.21,42,1,11.95
55,Airai,-8.9266,125.4092,TL,9.0,78.51,40,41,5.46
56,Vaini,-21.2,-175.2,TO,13.0,74.41,89,94,27.25
57,Seydi,39.4816,62.9137,TM,5.0,95.67,19,0,22.26
58,Cayenne,4.9333,-52.3333,GF,-3.0,84.85,71,17,10.78
59,La Brea,15.8,-85.9667,HN,-6.0,91.4,53,92,7.56
60,Saint George,37.1041,-113.5841,US,-6.0,95.85,20,1,4.32
61,Lompoc,34.6391,-120.4579,US,-7.0,76.23,67,1,12.64
62,Shemursha,54.8866,47.5189,RU,3.0,54.52,59,77,19.48
63,Isangel,-19.55,169.2667,VU,11.0,75.54,68,6,10.25
64,East London,-33.0153,27.9116,ZA,2.0,68.85,64,80,19.39
65,Kongolo,-5.3833,27.0,CD,2.0,97.9,31,84,6.78
66,Hilo,19.7297,-155.09,US,-10.0,77.86,75,32,10.09
67,Shar,49.5886,81.0453,KZ,6.0,87.35,17,0,7
68,Tuktoyaktuk,69.4541,-133.0374,CA,-6.0,49.95,87,100,11.34
69,Zhob,31.3411,69.4481,PK,5.0,94.15,26,0,13.13
70,Nome,64.5011,-165.4064,US,-8.0,48.52,64,38,12.28
71,Hay River,60.8156,-115.7999,CA,-6.0,72.48,46,71,12.1
72,Mackay,-21.15,149.2,AU,10.0,72.95,64,8,10.47
73,Katsuura,35.1333,140.3,JP,9.0,73.17,91,100,19.3
74,Cherskiy,68.75,161.3,RU,11.0,42.06,97,100,22.44
75,Aklavik,68.2191,-135.0107,CA,-6.0,55.58,93,90,7.87
76,Sioux Lookout,50.1001,-91.917,CA,-5.0,63.45,60,84,10.36
77,Torbay,47.6666,-52.7314,CA,-2.5,68.23,84,98,16.04
78,New Norfolk,-42.7826,147.0587,AU,10.0,54.88,45,13,8.68
79,Kastamonu Province,41.5,33.6667,TR,3.0,72.16,43,1,8.84
80,Avarua,-21.2078,-159.775,CK,-10.0,74.08,93,85,33.73
81,Buchanan,5.8808,-10.0467,LR,0.0,81.34,72,30,14.41
82,Lebu,-37.6167,-73.65,CL,-4.0,55.17,76,96,17.69
83,Hamilton,39.1834,-84.5333,US,-4.0,80.55,54,51,10.09
84,Khatanga,71.9667,102.5,RU,7.0,62.67,65,100,18.07
85,Souillac,-20.5167,57.5167,MU,4.0,73.8,63,40,20.78
86,Bambous Virieux,-20.3428,57.7575,MU,4.0,73.2,64,44,22.73
87,Khalkhāl,37.6189,48.5258,IR,4.5,73.49,47,9,7.63
88,Mbandaka,0.0487,18.2603,CD,1.0,81.81,62,83,4.54
89,Fuzhou,26.0614,119.3061,CN,8.0,94.35,50,45,6.76
90,Jamestown,42.097,-79.2353,US,-4.0,76.24,56,10,6.46
91,Lata,40.1629,-8.3327,PT,1.0,88.74,28,40,10.25
92,Bambanglipuro,-7.95,110.2833,ID,7.0,82.04,67,99,13.98
93,Lorengau,-2.0226,147.2712,PG,10.0,84.2,76,52,12.53
94,Cabedelo,-6.9811,-34.8339,BR,-3.0,81.34,71,44,14.41
95,Cockburn Town,21.4612,-71.1419,TC,-4.0,83.53,80,47,17.22
96,Gallup,35.5281,-108.7426,US,-6.0,82.67,27,5,15.37
97,Eureka,40.8021,-124.1637,US,-7.0,62.67,73,1,7.23
98,Kefamenanu,-9.4467,124.4781,ID,8.0,89.62,41,96,12.64
99,Atuona,-9.8,-139.0333,PF,-9.5,78.22,78,50,20.96
100,Falam,22.9167,93.6833,MM,6.5,76.03,68,97,4.61
101,Kismayo,-0.3582,42.5454,SO,3.0,82.17,64,74,17.72
102,Ocampo,21.65,-101.5,MX,-5.0,67.98,59,100,15.14
103,Morón,-34.6534,-58.6198,AR,-3.0,61,66,70,9.8
104,Sal Rei,16.1833,-22.9167,CV,-1.0,79.36,81,12,22.84
105,Shamary,57.3434,58.2199,RU,5.0,52.74,55,83,15.77
106,Dumas,35.8656,-101.9732,US,-5.0,77.76,56,49,16.22
107,Qaanaaq,77.484,-69.3632,GL,-3.0,31.84,84,98,12.73
108,Evensk,61.95,159.2333,RU,11.0,50.18,86,100,19.35
109,Shushenskoye,53.325,91.9356,RU,7.0,67.55,57,5,4.76
110,Hobart,-42.8794,147.3294,AU,10.0,55.22,47,27,11.74
111,Athabasca,54.7169,-113.2854,CA,-6.0,75.04,35,0,12.1
112,Saint Paul Harbor,57.79,-152.4072,US,-8.0,55.51,91,99,4.38
113,Mount Isa,-20.7333,139.5,AU,10.0,76.64,41,32,23.85
114,Kavieng,-2.5744,150.7967,PG,10.0,84.13,75,99,11.63
115,Korla,41.7597,86.1469,CN,8.0,84.61,23,0,10.89
116,Sitka,57.0531,-135.33,US,-8.0,56.98,88,100,5.82
117,Pangnirtung,66.1451,-65.7125,CA,-4.0,46.9,74,96,3.65
118,Vanimo,-2.6741,141.3028,PG,10.0,86.38,65,100,12.86
119,Fairbanks,64.8378,-147.7164,US,-8.0,60.91,88,92,3.02
120,Potosí,-19.5836,-65.7531,BO,-4.0,62.64,8,3,7.36
121,Rio Grande,-32.035,-52.0986,BR,-3.0,61.95,69,0,10.29
122,Mar del Plata,-38.0023,-57.5575,AR,-3.0,52.95,74,69,11.56
123,Shenjiamen,29.9576,122.298,CN,8.0,83.59,82,100,15.77
124,Villa María,-32.4075,-63.2402,AR,-3.0,67.96,83,98,13.51
125,Hualmay,-11.0964,-77.6139,PE,-5.0,66.58,73,80,11.36
126,Abalak,58.1286,68.5944,RU,5.0,68.83,43,0,14.9
127,Nizhniy Tsasuchey,50.5167,115.1333,RU,9.0,56.39,69,100,16.06
128,Shurugwi,-19.6702,30.0059,ZW,2.0,83.44,24,0,10.89
129,Harper,4.375,-7.7169,LR,0.0,79.65,82,48,14.14
130,Masterton,-40.9597,175.6575,NZ,12.0,56.86,64,75,12.75
131,George Town,5.4112,100.3354,MY,8.0,84.18,72,62,6.85
132,Mildura,-34.2,142.15,AU,10.0,60.12,45,4,21.03
133,Havre-St-Pierre,50.2334,-63.5986,CA,-4.0,52.02,73,99,32.03
134,Avera,33.194,-82.5271,US,-4.0,85.37,27,0,7.18
135,Praia,14.9215,-23.5087,CV,-1.0,82.44,70,21,18.99
136,Portland,45.5234,-122.6762,US,-7.0,84.45,38,75,5.28
137,Yanahuanca,-10.5167,-76.4986,PE,-5.0,57.34,27,60,14.36
138,Sibu,2.3,111.8167,MY,8.0,94.21,49,92,5.23
139,Ostrovnoy,68.0531,39.5131,RU,3.0,43.48,96,100,29.19
140,Longyearbyen,78.2186,15.6401,SJ,2.0,39.04,74,32,6.08
141,Sandwick,60.0,-1.25,GB,1.0,55.96,77,60,12.93
142,Cabo San Lucas,22.8909,-109.9124,MX,-6.0,89.46,60,23,12.59
143,Pevek,69.7008,170.3133,RU,12.0,37.6,85,100,24.58
144,Abu Dhabi,24.4667,54.3667,AE,4.0,96.44,44,1,13.06
145,Port Elizabeth,-33.918,25.5701,ZA,2.0,66.83,57,30,15.01
146,Plettenberg Bay,-34.0527,23.3716,ZA,2.0,64.98,54,98,7.94
147,Port Said,31.2565,32.2841,EG,2.0,82.81,65,0,12.15
148,Robertsport,6.7533,-11.3686,LR,0.0,78.35,85,100,13.91
149,Imeni Poliny Osipenko,52.4201,136.4853,RU,10.0,73.74,59,77,5.93
150,Nāwa,27.0167,75.0,IN,5.5,91.96,60,85,13.15
151,Barra de Tecoanapa,16.5167,-98.75,MX,-5.0,85.5,67,95,10.96
152,Baykit,61.67,96.37,RU,7.0,63.99,46,70,4.45
153,Oni,42.5794,43.4425,GE,4.0,69.12,64,95,5.08
154,Amphoe Phra Pradaeng,13.6585,100.5336,TH,7.0,80.98,71,100,10.33
155,Turan,16.0678,108.2208,VN,7.0,86.92,61,68,9.66
156,Talnakh,69.4865,88.3972,RU,7.0,60.71,67,82,26.64
157,Vila Franca do Campo,37.7167,-25.4333,PT,0.0,72.95,77,94,14.14
158,Fortuna,40.5982,-124.1573,US,-7.0,67.95,75,1,8.37
159,Pokhara,28.2333,83.9833,NP,5.75,80.56,81,56,4.92
160,Elko,41.0002,-115.5012,US,-7.0,84.06,10,0,10.96
161,Alice Springs,-23.7,133.8833,AU,9.5,66.15,24,83,25.17
162,Lubango,-14.9172,13.4925,AO,1.0,80.76,20,18,7.85
163,Narimanov,46.6927,47.8498,RU,4.0,79.5,33,13,17.18
164,Gornozavodsk,58.3758,58.3211,RU,5.0,48.78,76,62,15.64
165,Narsaq,60.9167,-46.05,GL,-2.0,52.11,54,0,7.81
166,Fujin,47.26,132.0322,CN,8.0,79.5,43,0,3.71
167,Tefé,-3.3542,-64.7114,BR,-4.0,93.29,49,64,5.12
168,Kruisfontein,-34.0033,24.7314,ZA,2.0,73.6,35,43,10.22
169,Norrtälje,59.758,18.705,SE,2.0,56.73,46,13,12.55
170,Thompson,55.7435,-97.8558,CA,-5.0,52.27,78,100,10.74
171,Bydgoszcz,53.1235,18.0076,PL,2.0,64.18,48,4,8.55
172,Touros,-5.1989,-35.4608,BR,-3.0,84.92,61,13,16.24
173,Lagoa,39.05,-27.9833,PT,0.0,71.31,70,90,22.62
174,Tsumeb,-19.2333,17.7167,NA,2.0,88.81,12,0,13.2
175,Adrar,20.5022,-10.0711,MR,0.0,104.27,22,8,11.88
176,Road Town,18.4167,-64.6167,VG,-4.0,87.01,75,11,19.3
177,kimparana,12.8347,-4.9244,ML,0.0,91.47,51,27,10.78
178,Chumikan,54.7183,135.315,RU,10.0,73.06,59,100,18.5
179,Whitehorse,60.7161,-135.0538,CA,-7.0,58.77,71,100,5.57
180,Salalah,17.0151,54.0924,OM,4.0,80.89,86,96,14.94
181,Ahipara,-35.1667,173.1667,NZ,12.0,60.73,60,88,10.04
182,Zhangjiakou,40.81,114.8794,CN,8.0,74.3,60,95,7.25
183,Çermik,38.1361,39.4493,TR,3.0,89.51,21,0,6.96
184,Esperance,-33.8667,121.9,AU,8.0,60.89,57,4,14.43
185,Mehamn,71.0357,27.8492,NO,2.0,41.94,73,100,26.91
186,Nouadhibou,20.931,-17.0347,MR,0.0,75.94,77,63,30.49
187,Tsabong,-26.0217,22.401,BW,2.0,88.52,12,89,12.86
188,Namtsy,62.7161,129.6658,RU,9.0,58.66,45,6,8.72
189,Broome,42.2506,-75.833,US,-4.0,73.9,60,6,5.06
190,Slavutych,51.5196,30.7343,UA,3.0,60.39,47,2,12.37
191,Omboué,-1.5746,9.2618,GA,1.0,80.6,70,97,11.03
192,Bontang,0.1333,117.5,ID,8.0,83.88,77,70,7.94
193,Sørkjosen,69.8,20.9333,NO,2.0,42.67,93,100,13.53
194,Kaitangata,-46.2817,169.8464,NZ,12.0,54.43,86,100,14.27
195,Hithadhoo,-0.6,73.0833,MV,5.0,83.73,72,90,9.17
196,Ribeira Grande,38.5167,-28.7,PT,0.0,72.66,69,91,21.65
197,Constantine,36.365,6.6147,DZ,1.0,89.06,46,6,11.99
198,Roald,62.5833,6.1333,NO,2.0,52.47,65,65,15.68
199,Sorong,-0.8833,131.25,ID,9.0,81.1,79,100,9.84
200,Barrow,71.2906,-156.7887,US,-8.0,38.23,94,94,24.43
201,Tiarei,-17.5333,-149.3333,PF,-10.0,82.42,76,11,16.55
202,Kumul,42.8,93.45,CN,8.0,86.29,15,25,7.94
203,Clyde River,70.4692,-68.5914,CA,-4.0,43.56,57,44,8.28
204,Monforte de Lemos,42.5216,-7.5142,ES,2.0,88.03,22,18,7.92
205,Smolenskoye,52.3044,85.0781,RU,7.0,86.23,27,3,5.73
206,Mezen',65.8522,44.24,RU,3.0,48.79,69,90,10.51
207,Vardø,70.3705,31.1107,NO,2.0,43.34,76,100,34.14
208,Saint-Philippe,-21.3585,55.7679,RE,4.0,71.35,67,53,17.69
209,Ilulissat,69.2167,-51.1,GL,-2.0,37.42,98,100,5.3
210,Tūkrah,32.5341,20.5791,LY,2.0,82.8,53,0,13.89
211,Waingapu,-9.6567,120.2641,ID,8.0,87.49,56,100,16.04
212,Vanavara,60.34,102.2797,RU,7.0,59.22,35,1,8.77
213,Malakal,9.5334,31.6605,SS,2.0,80.64,86,100,5.61
214,Broken Hill,-31.95,141.4333,AU,9.5,59.81,45,4,20.47
215,Wallacetown,-46.3333,168.2667,NZ,12.0,55.11,93,100,11.63
216,Batemans Bay,-35.7167,150.1833,AU,10.0,55.56,69,93,11.52
217,Montelíbano,7.9829,-75.4229,CO,-5.0,86.95,70,98,6.29
218,Shelburne,44.0787,-80.2041,CA,-4.0,72.99,41,64,11.3
219,Labuhan,-6.8844,112.2051,ID,7.0,85.19,59,100,9.71
220,Bengkulu,-3.8004,102.2655,ID,7.0,84.11,66,40,8.95
221,Sisimiut,66.9395,-53.6735,GL,-2.0,41.99,74,99,9.19
222,Beringovskiy,63.05,179.3167,RU,12.0,53.73,73,100,20.07
223,Gobabis,-22.45,18.9667,NA,2.0,85.3,12,6,12.66
224,North Myrtle Beach,33.816,-78.68,US,-4.0,81.73,51,3,10.47
225,Birao,10.2849,22.7882,CF,1.0,85.03,67,96,7.11
226,Raudeberg,61.9875,5.1352,NO,2.0,51.62,69,77,16.17
227,Lincoln,40.8,-96.667,US,-5.0,76.32,62,35,11.25
228,Belaya Gora,68.5333,146.4167,RU,11.0,43.03,48,100,16.28
229,Goderich,43.7501,-81.7165,CA,-4.0,73.78,57,72,21.34
230,Edd,13.9297,41.6925,ER,3.0,96.17,50,34,15.23
231,Kidal,18.4411,1.4078,ML,0.0,103.66,11,6,11.79
232,Sur,22.5667,59.5289,OM,4.0,96.13,43,5,10.47
233,Bestöbe,52.4994,73.0975,KZ,6.0,85.35,19,0,16.89
234,Sarakhs,36.5449,61.1577,IR,4.5,93.07,27,0,18.63
235,Berlevåg,70.8578,29.0864,NO,2.0,42.62,76,100,29.33
236,São João da Barra,-21.6403,-41.0511,BR,-3.0,78.89,63,0,14.94
237,Derzhavīnsk,51.1,66.3167,KZ,6.0,74.05,34,6,12.8
238,Zhigansk,66.7697,123.3711,RU,9.0,55.54,40,23,12.06
239,Río Gallegos,-51.6226,-69.2181,AR,-3.0,57.25,51,34,6.24
240,Vallenar,-28.5708,-70.7581,CL,-4.0,81.59,19,0,7.7
241,Tuatapere,-46.1333,167.6833,NZ,12.0,53.94,91,100,7.92
242,Muncar,-8.4333,114.3333,ID,7.0,84.9,62,84,9.46
243,Nanortalik,60.1432,-45.2371,GL,-2.0,44.33,83,29,17.38
244,Camden,39.7835,-74.9663,US,-4.0,78.31,46,56,5.01
245,Yulara,-25.2406,130.9889,AU,9.5,68.67,26,0,23.22
246,Honiara,-9.4333,159.95,SB,11.0,84.43,71,53,6.71
247,Northam,51.0333,-4.2167,GB,1.0,69.73,65,5,12.17
248,Kalangala,-0.3089,32.225,UG,3.0,73.8,65,88,12.77
249,Itarema,-2.9248,-39.9167,BR,-3.0,87.87,54,45,21.41
250,Ambon City,-3.6954,128.1814,ID,9.0,81.97,78,100,17.94
251,Barcelos,41.5388,-8.6151,PT,1.0,78.21,45,24,7.78
252,Ancud,-41.8697,-73.8203,CL,-4.0,49.68,94,100,15.9
253,Chapais,49.7834,-74.8492,CA,-4.0,68.36,29,51,5.41
254,Tuy Hoa,13.0833,109.3,VN,7.0,88.7,60,100,7.45
255,Bongaree,-27.0797,153.1586,AU,10.0,72,59,16,17.22
256,Pisco,-13.7,-76.2167,PE,-5.0,65.14,75,95,7.78
257,Beloha,-25.1667,45.05,MG,3.0,91.6,23,0,12.12
258,Nyagan,62.1406,65.3936,RU,5.0,66.06,40,6,16.31
259,Vernon,50.2581,-119.2691,CA,-7.0,75.31,26,100,5.7
260,Wundanyi,-3.4019,38.364,KE,3.0,75.15,40,58,15.73
261,Dikson,73.5069,80.5464,RU,7.0,49.59,84,100,35.84
262,Buraidah,26.326,43.975,SA,3.0,109.11,6,0,11.77
263,Comodoro Rivadavia,-45.8667,-67.5,AR,-3.0,62.46,46,35,12.84
264,Hasaki,35.7333,140.8333,JP,9.0,73.47,86,100,21.72
265,Tottori-shi,35.5,134.2333,JP,9.0,76.78,75,26,7.09
266,Port Blair,11.6667,92.75,IN,5.5,82.99,78,99,20.47
267,Ucluelet,48.9329,-125.5528,CA,-7.0,59.79,97,100,12.88
268,Lavrentiya,65.5833,-171.0,RU,12.0,43.34,91,100,12.33
269,Shar'ya,58.3686,45.5144,RU,3.0,47.25,84,95,13.53
270,Lano,10.1725,11.4715,NG,1.0,78.06,76,93,10.42
271,Saint-François,46.4154,3.9054,FR,2.0,80.49,47,13,4.43
272,Tawang Town,27.5833,91.8667,IN,5.5,69.64,61,67,7.72
273,Paka,4.6374,103.4368,MY,8.0,85.26,71,100,5.75
274,Tazovsky,67.4667,78.7,RU,5.0,64.22,62,99,24.9
275,Qasigiannguit,68.8193,-51.1922,GL,-2.0,37.65,99,100,6.08
276,Matara,5.9485,80.5353,LK,5.5,83.21,77,94,14.34
277,Savannah Bight,16.45,-85.85,HN,-6.0,89.01,78,99,23.85
278,Aktau,43.65,51.2,KZ,5.0,76.68,32,98,11.77
279,Bilibino,68.0546,166.4372,RU,12.0,43.27,99,100,23.22
280,Virginia Beach,36.8529,-75.978,US,-4.0,78.51,57,45,8.77
281,Kahului,20.8947,-156.47,US,-10.0,83.39,63,21,14.9
282,Chui,-33.6971,-53.4616,UY,-3.0,60.3,66,0,9.73
283,Lisbon,38.7167,-9.1333,PT,1.0,79.25,51,8,8.79
284,Grand Gaube,-20.0064,57.6608,MU,4.0,72.81,65,2,25.12
285,Tocopilla,-22.092,-70.1979,CL,-4.0,67.64,63,15,13.6
286,Manavālakurichi,8.1333,77.3,IN,5.5,84.36,70,92,17.36
287,Yārāda,17.65,83.2667,IN,5.5,87.62,64,90,16.04
288,Provideniya,64.3833,-173.3,RU,12.0,45.54,83,96,8.59
289,Mitchell,43.7094,-98.0298,US,-5.0,77.76,48,45,10.92
290,San Policarpo,12.1791,125.5072,PH,8.0,86.04,66,59,7.76
291,Taoudenni,22.6783,-3.9836,ML,0.0,113.4,7,4,11.65
292,Kalianget,-7.05,113.9333,ID,7.0,85.59,60,52,12.53
293,Kavaratti,10.5669,72.642,IN,5.5,81.81,77,97,18.5
294,Arlit,18.7369,7.3853,NE,1.0,101.68,10,19,13.06
295,Kaffrine,14.1059,-15.5508,SN,0.0,88.21,72,92,16.49
296,Hillsboro,45.5229,-122.9898,US,-7.0,84.06,34,1,5.86
297,Mayo,38.8876,-76.5119,US,-4.0,78.06,55,44,9.84
298,Chernyshevskiy,63.0128,112.4714,RU,9.0,53.92,38,17,5.86
299,Tura,25.5198,90.2201,IN,5.5,87.66,67,55,3.94
300,Abhā,18.2164,42.5053,SA,3.0,78.82,28,24,8.14
301,Juneau,58.3019,-134.4197,US,-8.0,58.84,89,75,4.32
302,Krasnoarmeysk,51.0239,45.6969,RU,4.0,61.72,35,3,11.7
303,Saint-Augustin,51.226,-58.6502,CA,-4.0,50.14,89,100,20.02
304,Khomutovka,51.9207,34.5619,RU,3.0,58.75,47,2,14.32
305,Padang,-0.9492,100.3543,ID,7.0,84.13,76,56,5.21
306,Plymouth,41.8334,-70.8328,US,-4.0,76.24,47,0,8.1
307,Poum,-20.2333,164.0167,NC,11.0,72.45,68,0,14
308,Lindi,-10.0,39.7167,TZ,3.0,85.33,47,83,10.33
309,Haines Junction,60.7522,-137.5108,CA,-7.0,57.85,83,100,4
310,Benguela,-12.5763,13.4055,AO,1.0,78.1,70,79,9.42
311,Laishevo,55.4046,49.5504,RU,3.0,56.91,59,91,22.64
312,Chokurdakh,70.6333,147.9167,RU,11.0,40.3,59,100,19.44
313,Vao,-22.6667,167.4833,NC,11.0,69.98,74,16,17.27
314,Quetta,30.199,67.0097,PK,5.0,90.75,14,10,5.73
315,Buala,-8.145,159.5921,SB,11.0,85.17,67,60,6.53
316,Zaidpur,26.8333,81.3333,IN,5.5,94.55,55,31,5.21
317,Sørland,67.667,12.6934,NO,2.0,50.38,74,100,14.74
318,Nemuro,43.3236,145.575,JP,9.0,60.94,76,22,9.55
319,Gambēla,8.25,34.5833,ET,3.0,84.58,76,98,6.38
320,Miass,55.045,60.1083,RU,5.0,60.58,46,50,13.69
321,Tortolì,39.9256,9.6572,IT,2.0,82.83,61,5,6.78
322,Constitución,-35.3333,-72.4167,CL,-4.0,58.08,62,18,10.71
323,Strai,58.2,7.9,NO,2.0,62.19,51,67,9.69
324,Ponta do Sol,32.6667,-17.1,PT,1.0,80.19,61,3,9.26
325,Pokosnoye,55.5258,101.0536,RU,8.0,54.86,39,45,8.39
326,Cap Malheureux,-19.9842,57.6142,MU,4.0,73.04,65,2,24.99
327,Los Llanos de Aridane,28.6585,-17.9182,ES,1.0,72.01,77,98,6.29
328,Sint-Lievens-Houtem,50.9329,3.8809,BE,2.0,75.09,60,13,10.27
329,Guanambi,-14.2233,-42.7814,BR,-3.0,91.18,32,2,15.97
330,Moerai,-22.4333,-151.3333,PF,-10.0,73.38,80,99,25.86
331,Hofn,64.2539,-15.2082,IS,0.0,54.79,81,100,18.48
332,Kosa,59.9445,54.9977,RU,5.0,45,98,100,12.66
333,Pimentel,-6.8367,-79.9342,PE,-5.0,70.09,71,56,15.55
334,Bonnyville,54.2668,-110.735,CA,-6.0,72.41,36,0,9.37
335,Castro,-24.7911,-50.0119,BR,-3.0,82.71,31,6,6.73
336,Moose Factory,51.2585,-80.6094,CA,-4.0,64.9,60,100,10.27
337,Sibolga,1.7427,98.7792,ID,7.0,85.55,67,99,5.88
338,Viedma,-40.8135,-62.9967,AR,-3.0,67.14,51,98,12.3
339,Cidreira,-30.1811,-50.2056,BR,-3.0,63.84,69,2,13.04
340,Santa Sofia,43.9445,11.9087,IT,2.0,78.08,38,93,6.24
341,Shimoda,34.6667,138.95,JP,9.0,74.79,86,100,16.51
342,Sangar,63.9242,127.4739,RU,9.0,54.54,56,0,7.81
343,Amuntai,-2.4177,115.2494,ID,8.0,85.84,70,91,2.26
344,Yambio,4.5721,28.3955,SS,2.0,75.67,80,100,7.16
345,Kuytun,54.3419,101.5036,RU,8.0,50.95,53,47,8.93
346,Bundaberg,-24.85,152.35,AU,10.0,74.23,58,37,13.29
347,Ballina,-28.8667,153.5667,AU,10.0,73.71,57,100,15.03
348,Acapulco de Juárez,16.8634,-99.8901,MX,-5.0,87.62,69,86,8.63
349,Namatanai,-3.6667,152.4333,PG,10.0,82.92,74,58,8.41
350,Necochea,-38.5473,-58.7368,AR,-3.0,60.04,59,69,8.77
351,Pimenta Bueno,-11.6725,-61.1936,BR,-4.0,100.45,26,93,5.64
352,Dwārka,22.2394,68.9678,IN,5.5,83.88,76,87,14.52
353,Ridgecrest,35.6225,-117.6709,US,-7.0,95.97,8,1,5.28
354,Yaypan,40.3758,70.8156,UZ,5.0,100.04,8,0,14.18
355,Quelimane,-17.8786,36.8883,MZ,2.0,87.58,46,0,11.5
356,San Rafael,-34.6177,-68.3301,AR,-3.0,67.89,31,0,15.77
357,Santa Isabel Rio Negro,-0.4139,-65.0192,BR,-4.0,90.79,53,89,2.84
358,Dickinson,29.4608,-95.0513,US,-5.0,93.87,56,45,10.98
359,Terre Haute,39.4667,-87.4139,US,-4.0,70.81,91,96,11.56
360,Yaan,7.3833,8.5667,NG,1.0,80.78,87,100,7.09
361,Qinhuangdao,39.9317,119.5883,CN,8.0,72.7,86,100,9.35
362,Emerald,-23.5333,148.1667,AU,10.0,80.96,41,6,24.18
363,Laibin,23.7,109.2667,CN,8.0,92.82,56,13,8.55
364,Kedrovyy,56.1667,91.8167,RU,7.0,61.63,38,16,12.66
365,Eenhana,-17.4667,16.3333,NA,2.0,96.01,9,0,7.31
366,Jieshi,22.8134,115.8257,CN,8.0,86.58,69,64,10.25
367,Médéa,36.2642,2.7539,DZ,1.0,86.36,36,0,10.27
368,Arrondissement d'Arcachon,44.5875,-1.0519,FR,2.0,77.11,59,100,6.42
369,São Filipe,14.8961,-24.4956,CV,-1.0,81.1,76,8,16.91
370,Takoradze,4.8845,-1.7554,GH,0.0,79.39,82,60,11.63
371,Ketchikan,55.3422,-131.6461,US,-8.0,57.67,94,90,16.26
372,Vila Velha,-20.3297,-40.2925,BR,-3.0,80.8,63,0,17.25
373,Makokou,0.5738,12.8642,GA,1.0,77.22,96,100,4.23
374,Qaqortoq,60.7167,-46.0333,GL,-2.0,52.3,62,0,7.99
375,Khuzdar,27.7384,66.6434,PK,5.0,95.47,26,1,15.79
376,Chaplynka,46.3651,33.5403,UA,3.0,77.47,33,0,14.61
377,Hanzhong,33.0728,107.0303,CN,8.0,70.59,98,100,5.79
378,Nampula,-15.1165,39.2666,MZ,2.0,89.1,31,0,12.35
379,Bethel,41.3712,-73.414,US,-4.0,75.69,51,1,5.91
380,Dano,11.15,-3.0667,BF,0.0,88.84,56,53,9.31
381,Caucayá,-0.1934,-74.7819,CO,-5.0,94.42,48,60,3.02
382,Kalachinsk,55.0529,74.5751,RU,6.0,84.96,23,59,13.31
383,Solnechnyy,50.7214,136.6319,RU,10.0,74.21,52,16,4.07
384,San Quintín,30.4833,-115.95,MX,-7.0,74.75,70,36,11.05
385,Makakilo City,21.3469,-158.0858,US,-10.0,81.45,61,13,20.27
386,La Providencia,28.7167,-111.5833,MX,-7.0,95.29,55,9,11.83
387,Maceió,-9.6658,-35.7353,BR,-3.0,80.67,77,66,12.19
388,Ubari,26.5921,12.7805,LY,2.0,98.47,19,0,16.02
389,College,64.8569,-147.8028,US,-8.0,60.71,87,92,3.2
390,Vestmannaeyjar,63.4427,-20.2734,IS,0.0,55.65,80,100,36.06
391,Leningradskiy,69.3833,178.4167,RU,12.0,33.87,87,100,16.55
392,Tual,-5.6667,132.75,ID,9.0,81.05,82,82,22.08
393,Hobyo,5.3505,48.5268,SO,3.0,83.44,65,22,30.58
394,Ternate,0.8,127.4,ID,9.0,82.78,72,98,5.08
395,Chinsali,-10.5414,32.0816,ZM,2.0,84.6,24,72,11.59
396,Kontagora,10.3999,5.4695,NG,1.0,86.49,66,100,7
397,Santiago del Estero,-27.7951,-64.2615,AR,-3.0,84.42,43,33,13.73
398,Shiyan,32.6475,110.7781,CN,8.0,73.35,91,100,6.93
399,Saldanha,-33.0117,17.9442,ZA,2.0,59.02,69,96,17.11
400,Tra Vinh,9.9347,106.3453,VN,7.0,84.99,72,100,9.86
401,Maragogi,-9.0122,-35.2225,BR,-3.0,81,75,52,11.99
402,Huangcun,30.0145,118.4037,CN,8.0,88.68,66,100,4.61
403,Binghamton,42.0987,-75.918,US,-4.0,74.28,57,3,4.72
404,Millinocket,45.6573,-68.7098,US,-4.0,68.94,44,21,7.25
405,Keti Bandar,24.1447,67.4497,PK,5.0,84.96,74,19,15.21
406,Abu Samrah,35.3029,37.1841,SY,3.0,92.21,19,0,13.38
407,Innisfail,-17.5333,146.0333,AU,10.0,76.71,61,18,10.58
408,Carrascal,9.3703,125.9492,PH,8.0,87.35,65,63,6.69
409,Zholymbet,51.7433,71.7122,KZ,6.0,81.59,23,0,15.35
410,Mandalgovi,45.7625,106.2708,MN,8.0,54.77,40,11,17.6
411,Prieska,-29.6641,22.7474,ZA,2.0,80.26,20,0,17.11
412,Ritchie,-29.038,24.6028,ZA,2.0,84.47,17,12,20.8
413,Maun,-19.9833,23.4167,BW,2.0,93.72,17,0,10.16
414,Paracuru,-3.41,-39.0306,BR,-3.0,86.61,57,57,18.3
415,Avon,41.4517,-82.0354,US,-4.0,76.24,62,75,14.81
416,Bud,39.447,-86.1758,US,-4.0,69.51,83,98,10.76
417,Raposos,-19.9672,-43.8042,BR,-3.0,90.03,26,0,5.88
418,Palauig,15.435,119.9045,PH,8.0,84.63,73,100,9.86
419,Numan,9.4667,12.0333,NG,1.0,80.76,90,98,10.27
420,Wronki,52.7105,16.3804,PL,2.0,64.87,63,71,10.31
421,Berbera,10.4396,45.0143,SO,3.0,101.14,31,11,28.1
422,Fershampenuaz,53.5202,59.8117,RU,5.0,64,44,97,20.13
423,Barão de Melgaço,-16.1944,-55.9675,BR,-4.0,103.55,21,1,7.25
424,Hong Kong,22.2855,114.1577,HK,8.0,86.25,68,52,8.72
425,Severo-Kuril'sk,50.6789,156.125,RU,11.0,54.9,89,70,6.93
426,Rocha,-34.4833,-54.3333,UY,-3.0,61.3,62,0,11.48
427,Nanyang,32.9947,112.5328,CN,8.0,77.58,76,99,11.5
428,Kingaroy,-26.5333,151.8333,AU,10.0,71.46,52,66,14.47
429,Yar-Sale,66.8333,70.8333,RU,5.0,68.04,50,0,26.17
430,Mosquera,4.7059,-74.2302,CO,-5.0,66.52,52,56,8.41
431,Pangody,65.85,74.4859,RU,5.0,69.66,44,6,27.85
432,Leningori,42.126,44.4833,GE,4.0,66.79,62,100,5.37
433,Gorin,51.1983,136.6669,RU,10.0,76.82,52,4,3.87
434,La Rioja,42.25,-2.5,ES,2.0,78.82,30,5,7.9
435,Guozhen,34.3659,107.359,CN,8.0,68.9,97,100,4.97
436,Mount Gambier,-37.8333,140.7667,AU,9.5,55.17,58,51,11.88
437,Puerto Baquerizo Moreno,-0.9,-89.6,EC,-6.0,69.87,85,98,15.82
438,Le Port,-20.9373,55.2919,RE,4.0,73.2,68,50,6.38
439,Faya,18.3851,42.4509,SA,3.0,80.67,23,12,10.2
440,Henties Bay,-22.116,14.2845,NA,2.0,59.58,73,8,15.3
441,Tirumullaivāsal,11.2333,79.8333,IN,5.5,92.1,55,98,14.88
442,Saquarema,-22.92,-42.5103,BR,-3.0,79.77,65,0,16.46
443,Sirte,31.2089,16.5887,LY,2.0,84.74,49,0,14.83
444,Tamiahua,21.2667,-97.45,MX,-5.0,85.35,68,93,9.55
445,Ust'-Ordynskiy,52.805,104.7508,RU,8.0,53.62,41,84,12.1
446,Mossamedes,-15.1961,12.1522,AO,1.0,73.65,72,88,11.34
447,Kichera,55.9375,110.0997,RU,8.0,48.88,71,98,7.07
448,Lerwick,60.1545,-1.1494,GB,1.0,56.7,72,88,10.27
449,Vigrestad,58.5667,5.7,NO,2.0,59.7,67,41,13.49
450,Culebra,18.303,-65.301,PR,-4.0,86.32,75,20,18.92
451,Ambilobe,-13.2,49.05,MG,3.0,93.65,26,14,9.46
452,Carutapera,-1.195,-46.02,BR,-3.0,87.82,57,25,13.91
453,Beyneu,45.3167,55.2,KZ,5.0,76.08,33,6,7.31
454,Brae,60.3964,-1.353,GB,1.0,57.29,70,92,7.65
455,Vostok,46.4856,135.8833,RU,10.0,70.79,51,0,5.5
456,Mahina,-17.5065,-149.489,PF,-10.0,82.17,71,18,19.42
457,Songkhla,6.8333,100.6667,TH,7.0,89.28,51,95,4.97
458,Lichinga,-13.3128,35.2406,MZ,2.0,79.36,27,13,10.4
459,Huicheng,23.0385,116.2899,CN,8.0,89.53,62,79,8.19
460,Severnyy-Kospashskiy,59.0925,57.8008,RU,5.0,49.6,81,99,14.72
461,Kirakira,-10.4544,161.9205,SB,11.0,80.76,83,100,9.62
462,São Borja,-28.6606,-56.0044,BR,-3.0,76.62,61,2,9.75
463,Iqaluit,63.7506,-68.5145,CA,-4.0,46.13,54,100,8.03
464,Alofi,-19.0595,-169.9187,NU,-11.0,76.57,88,86,25.08
465,Yerbogachën,61.2767,108.0108,RU,8.0,54.18,39,44,11.39
466,Soure,-0.7167,-48.5233,BR,-3.0,82.83,77,100,15.39
467,Srandakan,-7.9386,110.2506,ID,7.0,81.64,69,98,13.53
468,High Level,58.5169,-117.136,CA,-6.0,78.06,30,86,13.49
469,Sept-Îles,50.2001,-66.3821,CA,-4.0,55.04,75,100,18.86
470,Uthal,25.8072,66.6219,PK,5.0,100.8,41,5,17.4
471,Ust-Kuyga,70.0167,135.6,RU,10.0,46.87,59,100,16.91
472,Bintulu,3.1667,113.0333,MY,8.0,86.34,62,93,7.47
473,Rāni,25.3503,73.3089,IN,5.5,94.03,50,62,8.55
474,Bihać,44.8169,15.8708,BA,2.0,77.29,46,1,6.82
475,Kristiansand,58.1467,7.9956,NO,2.0,62.37,54,65,10.56
476,Skerries,53.5828,-6.1083,IE,1.0,59.74,85,74,10.69
477,Paamiut,61.994,-49.6678,GL,-2.0,42.55,82,0,25.14
478,Belyy Yar,53.6039,91.3903,RU,7.0,68.23,49,2,5.17
479,Flin Flon,54.7682,-101.865,CA,-5.0,62.56,47,83,11.68
480,Kjøllefjord,70.9457,27.3465,NO,2.0,41.97,74,100,26.87
481,Mujiayingzi,42.1167,118.7833,CN,8.0,69.15,73,99,6.71
482,Muros,42.7762,-9.0603,ES,2.0,67.62,71,11,5.32
483,Oodweyne,9.4092,45.064,SO,3.0,92.1,35,8,22.77
484,Meadow Lake,34.8014,-106.5436,US,-6.0,82,41,47,9.55
485,Pangoa,-12.1167,-73.0,PE,-5.0,89.82,41,36,5.68
486,Pestyaki,56.7103,42.6717,RU,3.0,49.19,72,91,18.39
487,Mbanza-Ngungu,-5.25,14.8667,CD,1.0,88.5,45,59,10.6
488,Jalu,29.0331,21.5482,LY,2.0,93.76,28,0,15.14
489,Verāval,20.9,70.3667,IN,5.5,84.4,74,20,13.91
490,Kristiansund,63.1115,7.732,NO,2.0,53.73,56,56,8.68
491,Sola,-13.8833,167.55,VU,11.0,78.33,76,51,17.69
492,San Patricio,28.017,-97.5169,US,-5.0,94.51,42,10,16.69
493,Yanam,16.7333,82.2167,IN,5.5,83.23,81,100,6.96
494,Grindavik,63.8424,-22.4338,IS,0.0,55.53,80,100,40.71
495,Norman Wells,65.282,-126.8329,CA,-6.0,63.34,81,100,3.71
496,Shelbyville,35.4834,-86.4603,US,-5.0,83.19,57,47,8.39
497,Cimitarra,6.3142,-73.9497,CO,-5.0,93.34,53,48,3.6
498,Lamar,33.6668,-95.5836,US,-5.0,95.47,46,39,8.99
499,Rawson,-43.3002,-65.1023,AR,-3.0,60.94,51,25,6.71
500,Slantsy,59.1182,28.0914,RU,3.0,51.93,54,71,11.81
501,Egvekinot,66.3167,-179.1667,RU,12.0,46.98,81,97,13.2
502,Poso,-1.3959,120.7524,ID,8.0,85.01,64,96,6.87
503,Balyqshy,47.0667,51.8667,KZ,5.0,77.14,33,52,13.56
504,Olafsvik,64.8945,-23.7142,IS,0.0,54.77,87,100,41.05
505,Forsytheganj,52.6333,29.7333,BY,3.0,57.6,47,30,9.71
506,Vypolzovo,57.8767,33.6986,RU,3.0,47.7,91,100,11.36
507,Hervey Bay,-25.2986,152.8535,AU,10.0,69.85,70,10,14.63
508,Verkhniy Lomov,53.4678,43.5511,RU,3.0,54.01,51,99,18.54
509,Menzel Salem,35.8567,8.4765,TN,1.0,90.07,42,45,14.41
510,Kununurra,-15.7667,128.7333,AU,8.0,86.94,44,48,25.95
511,Kaeo,-35.1,173.7833,NZ,12.0,60.06,64,77,10.63
512,Cooma,-36.2333,149.1333,AU,10.0,46.99,96,100,15.32
513,Mandera,3.9366,41.867,KE,3.0,94.84,30,63,22.41
514,West Bay,19.3667,-81.4167,KY,-5.0,87.01,74,24,13.06
515,Svarychiv,48.9622,24.1966,UA,3.0,65.88,60,31,10.69
516,Luanda,-8.8368,13.2343,AO,1.0,74.5,78,75,11.39
517,Buriti Bravo,-5.8372,-43.8336,BR,-3.0,97.2,37,26,6.8
518,Maputo,-25.9653,32.5892,MZ,2.0,81.27,49,0,15.7
519,Tilichiki,60.4667,166.1,RU,12.0,54.63,76,89,5.48
520,Caravelas,-17.7125,-39.2481,BR,-3.0,79.65,78,74,8.25
521,Klaksvík,62.2266,-6.589,FO,1.0,54.37,78,21,18.86
522,Hokitika,-42.7167,170.9667,NZ,12.0,54.05,75,100,8.03
523,Tsimmerbude,54.675,20.1347,RU,2.0,60.39,49,66,12.03
524,Chernushka,56.5072,56.0766,RU,5.0,52.02,57,96,20.29
525,Port Hardy,50.6996,-127.4199,CA,-7.0,58.46,94,100,21.32
526,Port-Gentil,-0.7193,8.7815,GA,1.0,76.35,86,100,14.41
527,Coahuayana Viejo,18.7333,-103.6833,MX,-5.0,89.08,69,98,4.61
528,Pionki,51.476,21.4499,PL,2.0,61.83,46,2,9.04
529,Distrikt Brokopondo,4.75,-55.1667,SR,-3.0,86.52,65,66,7.83
530,Kirksville,40.1948,-92.5833,US,-5.0,74.66,80,94,11.01
531,Itoman,26.1247,127.6694,JP,9.0,85.53,78,55,12.35
532,Kilindoni,-7.9139,39.6668,TZ,3.0,77.94,71,77,14.29
533,Husavik,66.0449,-17.3389,IS,0.0,61.11,58,98,23.87
534,Paita,-5.0892,-81.1144,PE,-5.0,73.96,70,12,18.72
535,Yangi Marg`ilon,40.4272,71.7189,UZ,5.0,100.15,7,0,7.87
536,Bellefontaine,40.3612,-83.7597,US,-4.0,75.63,54,65,13.49
537,Iralaya,15.0,-83.2333,HN,-6.0,83.1,76,90,10.45
538,Senno,59.5336,33.9167,RU,3.0,49.71,76,100,10.78
539,Santa Cruz de la Sierra,-17.8,-63.1667,BO,-4.0,94.51,34,19,16.4
540,Ponta Delgada,37.7333,-25.6667,PT,0.0,73.24,74,58,16.46
541,Nuristan,35.3,70.8333,AF,4.5,63.27,25,0,10.85
542,Kumagaya,36.1333,139.3833,JP,9.0,70.83,88,100,3.67
543,Brownsville,25.9018,-97.4975,US,-5.0,95.27,45,21,17.58
544,Martapura,-3.4167,114.85,ID,8.0,86.54,67,58,4.5
545,Margate,51.3813,1.3862,GB,1.0,59.67,92,99,15.79
546,Ardmore,34.1743,-97.1436,US,-5.0,98.6,37,62,12.12
547,Hadsund,56.7148,10.1168,DK,2.0,63.48,42,100,12.82
548,Mtwara,-10.2667,40.1833,TZ,3.0,80.17,61,98,12.35
549,Diu,20.7141,70.9822,IN,5.5,85.21,70,63,14.29
550,Port Lincoln,-34.7333,135.8667,AU,9.5,57.94,63,97,15.59
551,Balinţ,45.8125,21.8536,RO,3.0,77.23,35,49,6.4
552,Manhattan,40.7834,-73.9662,US,-4.0,78.75,39,43,7.83
553,Dauphin,51.1494,-100.0502,CA,-5.0,63.64,61,83,12.41
554,Kpandae,8.4689,-0.0113,GH,0.0,82.58,76,100,7.38
555,Alghero,40.5589,8.3181,IT,2.0,79.45,68,12,13.47
556,Lac-Mégantic,45.5834,-70.8823,CA,-4.0,69.28,33,7,12.33
557,Yeppoon,-23.1333,150.7333,AU,10.0,73.17,69,11,10
558,Nioro,13.35,-15.75,GM,0.0,87.44,65,38,13.82
559,Lagos,6.5833,3.75,NG,1.0,83.5,70,85,7.63
560,Luganville,-15.5333,167.1667,VU,11.0,79.21,68,65,7.87
561,Naryan-Mar,67.6713,53.087,RU,3.0,53.58,65,41,11.88
562,Teahupoo,-17.8333,-149.2667,PF,-10.0,76.96,76,29,16.6
563,Guánica,17.9716,-66.908,PR,-4.0,88.95,61,24,17.13
564,Cedar City,37.6775,-113.0619,US,-6.0,81.63,21,2,7.76
565,Denpasar,-8.65,115.2167,ID,8.0,82.15,71,94,11.79
566,Havelock,34.8791,-76.9013,US,-4.0,80.65,46,0,7.96
567,Laurel,39.0993,-76.8483,US,-4.0,79.05,49,30,5.82
568,Sosnogorsk,63.6023,53.8817,RU,3.0,52.2,59,98,9.22
569,Brigantine,39.4101,-74.3646,US,-4.0,76.91,53,76,10.42
570,Dzaoudzi,-12.7887,45.2699,YT,3.0,76.93,70,34,18.3
571,Sidi Ali,36.0998,0.4206,DZ,1.0,83.46,51,0,15.95
572,Chauk,20.8833,94.8167,MM,6.5,88.21,65,100,16.13
573,Bihārīganj,25.7333,86.9833,IN,5.5,95.58,61,100,4.74
574,Fort Nelson,58.8053,-122.7002,CA,-7.0,71.06,52,100,7.85
575,Erzincan Province,39.75,39.5,TR,3.0,80.58,26,0,7.76
576,Nhulunbuy,-12.2333,136.7667,AU,9.5,84.7,56,8,18.52
577,Ngunguru,-35.6167,174.5,NZ,12.0,58.59,56,60,11.61
578,Beckley,37.7782,-81.1882,US,-4.0,76.87,54,28,8.08
579,Damietta,31.4165,31.8133,EG,2.0,84.9,61,1,9.71
580,Sterling,39.0062,-77.4286,US,-4.0,79.23,52,63,5.84
581,Pereslavl'-Zalesskiy,56.7393,38.8563,RU,3.0,50.13,70,84,17.31
582,Lillesand,58.2488,8.3778,NO,2.0,62.06,54,74,10.65
583,Jaciara,-15.9653,-54.9683,BR,-4.0,101.73,18,5,5.32
584,Kloulklubed,7.0419,134.2556,PW,9.0,85.32,70,79,9.44
585,Koumac,-20.5667,164.2833,NC,11.0,75.02,58,0,10.98
586,Tulun,54.5611,100.5792,RU,8.0,51.96,45,36,7.36
587,Kiryat Gat,31.61,34.7642,IL,3.0,91.89,39,0,14.94
588,Kerrville,30.0474,-99.1403,US,-5.0,92.86,45,7,13.35
589,Assiut,27.181,31.1837,EG,2.0,98.58,25,2,18.63
590,San Andrés,12.5847,-81.7006,CO,-5.0,87.82,78,59,17.29
591,Acarí,-15.4311,-74.6158,PE,-5.0,69.62,70,70,8.88
592,Puri,19.8,85.85,IN,5.5,89.28,63,24,13.89
593,Masty,53.4122,24.5387,BY,3.0,59.05,51,12,10.13
594,Mahon,39.8885,4.2658,ES,2.0,78.24,70,1,7.94
595,Tessalit,20.1986,1.0114,ML,0.0,105.4,9,38,18.1
596,Jaqué,7.5175,-78.1703,PA,-5.0,78.96,90,99,10.13
597,Quryq,43.2,51.65,KZ,5.0,77.88,27,100,11.9
598,Butka,56.7179,63.7866,RU,5.0,61.83,61,99,12.64
599,Hemsedal,60.8629,8.5534,NO,2.0,56.3,66,96,3.98
600,Soyo,-6.1349,12.3689,AO,1.0,77.31,76,49,9.22
601,Zelenoborsk,61.4669,64.0333,RU,5.0,60.12,43,6,17.9
602,Pervomayskoye,43.919,46.7102,RU,3.0,75.11,36,0,10.51
603,Bilma,18.6853,12.9164,NE,1.0,101.82,12,4,10.33
604,Patnongon,10.9132,121.9937,PH,8.0,83.41,72,98,6.76
605,Lexington,37.9887,-84.4777,US,-4.0,80.96,57,39,13.18
606,Christchurch,-43.5333,172.6333,NZ,12.0,58.68,59,80,6.73
607,Kaduna,10.5222,7.4383,NG,1.0,85.44,60,79,6.71
608,Luleå,65.5842,22.1547,SE,2.0,53.74,42,8,12.24
609,Garachiné,8.0647,-78.3628,PA,-5.0,82.51,82,97,11.81
610,Taunggyi,20.7833,97.0333,MM,6.5,75.61,70,98,5.32
611,Westerland,54.9079,8.3033,DE,2.0,65.73,74,65,18.57
612,Löningen,52.7333,7.7667,DE,2.0,66.45,64,15,7.02
613,Atherton,53.5237,-2.4935,GB,1.0,62.19,61,100,8.3
614,Muravlenko,63.7898,74.523,RU,5.0,68.56,48,0,27.25
615,Huaicheng,23.9051,112.1931,CN,8.0,96.53,47,7,3.94
616,Española,35.9911,-106.0806,US,-6.0,84.69,27,71,14.74
617,Ust'-Uda,54.1742,103.0304,RU,8.0,52.54,48,87,7.9
618,El Chichicaste,14.0667,-86.3,HN,-6.0,88.66,54,99,4.9
619,Aden,12.7794,45.0367,YE,3.0,91.94,70,47,21.43
620,Codrington,-38.2667,141.9667,AU,10.0,54.39,68,26,21.45
621,Batamshinskiy,50.5594,58.2747,KZ,5.0,67.84,33,10,19.28
622,Nishihara,26.1842,127.7558,JP,9.0,85.39,77,56,10.54
623,Kawalu,-7.3817,108.2082,ID,7.0,84.06,59,76,7.49
624,Huarmey,-10.0681,-78.1522,PE,-5.0,68.2,72,62,10.36
625,Genteng,-8.3667,114.15,ID,7.0,85.37,57,95,7.52
626,Yangambi,0.8102,24.4336,CD,2.0,81.25,69,99,4.09
627,Obzor,42.8167,27.8833,BG,3.0,71.96,51,5,11.01
628,Dudinka,69.4058,86.1778,RU,7.0,61.74,63,88,26.37
629,Sri Aman,1.2376,111.4621,MY,8.0,93.38,54,54,2.64
630,Mt. Pleasant,32.7941,-79.8626,US,-4.0,80.58,62,73,13.62
631,Jimo,36.3897,120.4622,CN,8.0,72.64,94,100,21.43
632,Valparaíso,-33.0393,-71.6273,CL,-4.0,64.71,54,0,11.61
633,Lázaro Cárdenas,17.9583,-102.2,MX,-5.0,84.24,73,99,8.28
634,Province of Groningen,53.25,6.75,NL,2.0,63.45,65,72,9.62
635,Kirovskiy,45.0917,133.5136,RU,10.0,80.17,38,0,6.33
636,Brewster,41.3973,-73.6171,US,-4.0,76.41,51,0,5.03
637,Kristinehamn,59.3098,14.1081,SE,2.0,59.14,37,3,6.64
638,Mahrīz,31.5917,54.4318,IR,4.5,93.4,8,0,18.25
639,‘Āhuimanu,21.4447,-157.8378,US,-10.0,82.11,65,27,20.31
640,Kédougou,12.5579,-12.1743,SN,0.0,80.01,88,100,3.89
641,Oussouye,12.485,-16.5469,SN,0.0,87.73,56,86,17.9
642,Benxi,41.2886,123.765,CN,8.0,82.13,46,54,4.85
643,Rūdbār,30.15,62.6,AF,4.5,101.62,15,4,14.09
644,Port Augusta,-32.5,137.7667,AU,9.5,61.05,57,91,18.63
645,Oil City,41.4339,-79.7064,US,-4.0,76.44,47,20,6.42
646,Winder,33.9926,-83.7202,US,-4.0,82.02,43,18,4.03
647,Dalvik,65.9702,-18.5286,IS,0.0,61.54,58,100,15.59
648,Isiro,2.7739,27.616,CD,2.0,70.3,95,100,4.56
649,Rantepao,-2.9701,119.8978,ID,8.0,75.87,87,98,2.53
650,Lethbridge,49.7,-112.8186,CA,-6.0,80.51,22,11,17.07
651,Saint Anthony,45.0205,-93.218,US,-5.0,76.8,44,17,13.38
652,Aksu,41.1231,80.2644,CN,8.0,85.73,26,0,5.41
653,Mangan,27.5167,88.5333,IN,5.5,83.53,83,79,5.53
654,Morondava,-20.2833,44.2833,MG,3.0,81.21,62,14,15.93
655,Mayumba,-3.432,10.6554,GA,1.0,77.38,73,23,8.3
656,Bandarbeyla,9.4942,50.8122,SO,3.0,88.38,50,6,34.52
657,Arman',59.7,150.1667,RU,11.0,58.44,85,100,31.18
658,Monteagudo,-19.8167,-63.9833,BO,-4.0,92.46,32,4,8.88
659,Wagar,16.1525,36.2032,SD,2.0,94.89,47,23,16.55
660,Mubārakpur,26.09,83.2922,IN,5.5,95.4,55,4,4.9
661,Caucaia,-3.7361,-38.6531,BR,-3.0,88,52,52,16.17
662,Geraldton,-28.7667,114.6,AU,8.0,74.28,32,0,18.43
663,Oistins,13.0667,-59.5333,BB,-4.0,83.79,72,75,21.18
664,Coquimbo,-29.9533,-71.3436,CL,-4.0,61.59,58,0,11.27
665,Springbok,-29.6643,17.8865,ZA,2.0,66.4,32,0,10.78
666,Ilhabela,-23.7781,-45.3581,BR,-3.0,75.4,72,22,12.84
667,Narón,43.5167,-8.1528,ES,2.0,71.2,61,16,5.97
668,Kaseda-shirakame,31.4167,130.3167,JP,9.0,82.44,76,100,4.85
669,Aktash,50.3,87.7333,RU,7.0,66.02,24,0,7.05
670,Gayéri,12.6497,0.4931,BF,0.0,90.21,56,50,11.65
671,Bakaly,55.1789,53.8028,RU,5.0,57.6,44,65,20.29
672,Iguatemi,-23.6803,-54.5611,BR,-4.0,96.58,19,4,11.41
673,Wamba,8.9333,8.6,NG,1.0,83.71,71,98,4.52
674,Hambantota,6.1241,81.1185,LK,5.5,86.11,65,92,23.89
675,La Ronge,55.1001,-105.2842,CA,-6.0,63.28,50,13,6.55
676,Sangre Grande,10.5835,-61.1177,TT,-4.0,81.82,87,100,12.8
677,Kautokeino,69.0125,23.0412,NO,2.0,45.3,51,64,21.52
678,Verkhnyaya Toyma,62.2349,44.9985,RU,3.0,50.52,71,95,6.44
679,Seeboden,46.8219,13.495,AT,2.0,73.54,50,72,5.12
680,Anloga,5.7947,0.8973,GH,0.0,80.08,81,100,15.61
681,Tanete,-3.9443,119.7848,ID,8.0,86.16,67,98,7.65
682,Lingao,19.9103,109.6859,CN,8.0,88.66,61,35,8.63
